{
    "name": "root",
    "gauges": {
        "BirdAgent.Policy.Entropy.mean": {
            "value": 0.04204766824841499,
            "min": 0.04029466584324837,
            "max": 0.6931103467941284,
            "count": 100
        },
        "BirdAgent.Policy.Entropy.sum": {
            "value": 423.167724609375,
            "min": 403.2376403808594,
            "max": 7092.2216796875,
            "count": 100
        },
        "BirdAgent.Environment.EpisodeLength.mean": {
            "value": 108.68888888888888,
            "min": 24.54591836734694,
            "max": 126.74683544303798,
            "count": 100
        },
        "BirdAgent.Environment.EpisodeLength.sum": {
            "value": 9782.0,
            "min": 8897.0,
            "max": 10870.0,
            "count": 100
        },
        "BirdAgent.Step.mean": {
            "value": 999998.0,
            "min": 9995.0,
            "max": 999998.0,
            "count": 100
        },
        "BirdAgent.Step.sum": {
            "value": 999998.0,
            "min": 9995.0,
            "max": 999998.0,
            "count": 100
        },
        "BirdAgent.Policy.ExtrinsicValueEstimate.mean": {
            "value": 4.434884071350098,
            "min": -0.25198206305503845,
            "max": 4.559298992156982,
            "count": 100
        },
        "BirdAgent.Policy.ExtrinsicValueEstimate.sum": {
            "value": 891.4117431640625,
            "min": -98.27301025390625,
            "max": 898.181884765625,
            "count": 100
        },
        "BirdAgent.Environment.CumulativeReward.mean": {
            "value": 9.738148602512148,
            "min": 0.5023077880724882,
            "max": 11.68607654299917,
            "count": 100
        },
        "BirdAgent.Environment.CumulativeReward.sum": {
            "value": 876.4333742260933,
            "min": 195.90003734827042,
            "max": 974.5000413656235,
            "count": 100
        },
        "BirdAgent.Policy.ExtrinsicReward.mean": {
            "value": 9.738148602512148,
            "min": 0.5023077880724882,
            "max": 11.68607654299917,
            "count": 100
        },
        "BirdAgent.Policy.ExtrinsicReward.sum": {
            "value": 876.4333742260933,
            "min": 195.90003734827042,
            "max": 974.5000413656235,
            "count": 100
        },
        "BirdAgent.Losses.PolicyLoss.mean": {
            "value": 0.008547277914153205,
            "min": 0.006539076941812205,
            "max": 0.023971048959841333,
            "count": 100
        },
        "BirdAgent.Losses.PolicyLoss.sum": {
            "value": 0.025641833742459617,
            "min": 0.013565153426801164,
            "max": 0.0696884320738415,
            "count": 100
        },
        "BirdAgent.Losses.ValueLoss.mean": {
            "value": 1.7404643827014497,
            "min": 0.026597184439500175,
            "max": 1.7545097370942435,
            "count": 100
        },
        "BirdAgent.Losses.ValueLoss.sum": {
            "value": 5.221393148104349,
            "min": 0.05319436887900035,
            "max": 5.221393148104349,
            "count": 100
        },
        "BirdAgent.Policy.LearningRate.mean": {
            "value": 5.286766138000033e-06,
            "min": 5.286766138000033e-06,
            "max": 0.0009938460006154001,
            "count": 100
        },
        "BirdAgent.Policy.LearningRate.sum": {
            "value": 1.5860298414000098e-05,
            "min": 1.5860298414000098e-05,
            "max": 0.0029250940074906,
            "count": 100
        },
        "BirdAgent.Policy.Epsilon.mean": {
            "value": 0.10052866666666667,
            "min": 0.10052866666666667,
            "max": 0.19938460000000002,
            "count": 100
        },
        "BirdAgent.Policy.Epsilon.sum": {
            "value": 0.301586,
            "min": 0.2031303,
            "max": 0.5925094,
            "count": 100
        },
        "BirdAgent.Policy.Beta.mean": {
            "value": 2.580713333333343e-05,
            "min": 2.580713333333343e-05,
            "max": 0.00298159954,
            "count": 100
        },
        "BirdAgent.Policy.Beta.sum": {
            "value": 7.742140000000029e-05,
            "min": 7.742140000000029e-05,
            "max": 0.00877603106,
            "count": 100
        },
        "BirdAgent.IsTraining.mean": {
            "value": 1.0,
            "min": 1.0,
            "max": 1.0,
            "count": 100
        },
        "BirdAgent.IsTraining.sum": {
            "value": 1.0,
            "min": 1.0,
            "max": 1.0,
            "count": 100
        }
    },
    "metadata": {
        "timer_format_version": "0.1.0",
        "start_time_seconds": "1698480108",
        "python_version": "3.9.18 (main, Sep 11 2023, 14:09:26) [MSC v.1916 64 bit (AMD64)]",
        "command_line_arguments": "\\\\?\\C:\\Users\\Kevinn\\.conda\\envs\\mlagents_20\\Scripts\\mlagents-learn PCG.yaml --run-id=testCam --torch-device=cuda --time-scale=2 --torch-device=cuda --force",
        "mlagents_version": "0.31.0.dev0",
        "mlagents_envs_version": "0.31.0.dev0",
        "communication_protocol_version": "1.5.0",
        "pytorch_version": "1.10.1+cu113",
        "numpy_version": "1.21.2",
        "end_time_seconds": "1698482886"
    },
    "total": 2777.7635600000003,
    "count": 1,
    "self": 0.009253500000340864,
    "children": {
        "run_training.setup": {
            "total": 0.1347581,
            "count": 1,
            "self": 0.1347581
        },
        "TrainerController.start_learning": {
            "total": 2777.6195484,
            "count": 1,
            "self": 1.831731700002365,
            "children": {
                "TrainerController._reset_env": {
                    "total": 51.349258,
                    "count": 1,
                    "self": 51.349258
                },
                "TrainerController.advance": {
                    "total": 2724.1117384999975,
                    "count": 73759,
                    "self": 0.8784130999451918,
                    "children": {
                        "env_step": {
                            "total": 2723.2333254000523,
                            "count": 73759,
                            "self": 2428.861127400138,
                            "children": {
                                "SubprocessEnvManager._take_step": {
                                    "total": 293.08897209996877,
                                    "count": 73759,
                                    "self": 3.647934099976112,
                                    "children": {
                                        "TorchPolicy.evaluate": {
                                            "total": 289.44103799999266,
                                            "count": 62536,
                                            "self": 289.44103799999266
                                        }
                                    }
                                },
                                "workers": {
                                    "total": 1.283225899945684,
                                    "count": 73759,
                                    "self": 0.0,
                                    "children": {
                                        "worker_root": {
                                            "total": 2726.6306136000126,
                                            "count": 73759,
                                            "is_parallel": true,
                                            "self": 462.1210532999967,
                                            "children": {
                                                "steps_from_proto": {
                                                    "total": 0.026360500000002673,
                                                    "count": 1,
                                                    "is_parallel": true,