{"count":1,"self":11.0774136,"total":14.598751199999999,"children":{"InitializeActuators":{"count":40,"self":0.0019751,"total":0.0019751,"children":null},"InitializeSensors":{"count":40,"self":0.0059619999999999994,"total":0.0059619999999999994,"children":null},"AgentSendState":{"count":519,"self":0.22549809999999998,"total":3.270785,"children":{"CollectObservations":{"count":4160,"self":0.0020396,"total":0.0020396,"children":null},"WriteActionMask":{"count":4160,"self":0.0065061999999999993,"total":0.0065061999999999993,"children":null},"RequestDecision":{"count":4160,"self":0.0222971,"total":3.0367411,"children":{"CameraSensor.GetCompressedObservation":{"count":4160,"self":3.0018552,"total":3.0018552,"children":null},"RayPerceptionSensor.Perceive":{"count":8320,"self":0.012588799999999999,"total":0.012588799999999999,"children":null}}}}},"DecideAction":{"count":519,"self":0.0080083999999999989,"total":0.0080083999999999989,"children":null},"AgentAct":{"count":519,"self":0.056247599999999995,"total":0.056247599999999995,"children":null},"CameraSensor.GetCompressedObservation":{"count":240,"self":0.17733849999999998,"total":0.17733849999999998,"children":null},"RayPerceptionSensor.Perceive":{"count":480,"self":0.0010211,"total":0.0010211,"children":null}},"gauges":{"BirdAgent.CumulativeReward":{"count":240,"max":0.5878116,"min":0.510678768,"runningAverage":0.5355964,"value":0.5878116,"weightedAverage":0.587623954}},"metadata":{"timer_format_version":"0.1.0","start_time_seconds":"1698673505","unity_version":"2022.3.12f1","command_line_arguments":"C:\\Program Files\\Unity\\Hub\\Editor\\2022.3.12f1\\Editor\\Unity.exe -projectpath Z:\\Git\\FlappyBird-Remake -useHub -hubIPC -cloudEnvironment production","communication_protocol_version":"1.5.0","com.unity.ml-agents_version":"2.3.0-exp.4","scene_name":"Game+AI","end_time_seconds":"1698673520"}}